path,kind,description
/Users/kongfha/Desktop/Time_Series_Mining/Final Project/Typing-Behavior-Time-Series-Analysis/outputs/02_analysis_descriptive_euclidean_dtw_clustering/figures/dtw_error_episode_heatmap.png,figure,DTW Similarity for Selected Error-Episode Windows
/Users/kongfha/Desktop/Time_Series_Mining/Final Project/Typing-Behavior-Time-Series-Analysis/outputs/02_analysis_descriptive_euclidean_dtw_clustering/figures/dtw_representative_prompt_friction_heatmap.png,figure,Secondary DTW: Representative Prompt Friction Waveforms
/Users/kongfha/Desktop/Time_Series_Mining/Final Project/Typing-Behavior-Time-Series-Analysis/outputs/02_analysis_descriptive_euclidean_dtw_clustering/figures/dtw_same_participant_heatmap_Kuga.png,figure,Kuga: Cross-Prompt DTW Similarity
/Users/kongfha/Desktop/Time_Series_Mining/Final Project/Typing-Behavior-Time-Series-Analysis/outputs/02_analysis_descriptive_euclidean_dtw_clustering/figures/dtw_same_participant_heatmap_Mick.png,figure,Mick: Cross-Prompt DTW Similarity
/Users/kongfha/Desktop/Time_Series_Mining/Final Project/Typing-Behavior-Time-Series-Analysis/outputs/02_analysis_descriptive_euclidean_dtw_clustering/figures/dtw_same_participant_heatmap_Shimmy.png,figure,Shimmy: Cross-Prompt DTW Similarity
/Users/kongfha/Desktop/Time_Series_Mining/Final Project/Typing-Behavior-Time-Series-Analysis/outputs/02_analysis_descriptive_euclidean_dtw_clustering/figures/dtw_same_prompt_event_heatmap_P01.png,figure,P01: DTW Event-Sequence Similarity Across Users
/Users/kongfha/Desktop/Time_Series_Mining/Final Project/Typing-Behavior-Time-Series-Analysis/outputs/02_analysis_descriptive_euclidean_dtw_clustering/figures/dtw_same_prompt_event_heatmap_P02.png,figure,P02: DTW Event-Sequence Similarity Across Users
/Users/kongfha/Desktop/Time_Series_Mining/Final Project/Typing-Behavior-Time-Series-Analysis/outputs/02_analysis_descriptive_euclidean_dtw_clustering/figures/dtw_same_prompt_event_heatmap_P03.png,figure,P03: DTW Event-Sequence Similarity Across Users
/Users/kongfha/Desktop/Time_Series_Mining/Final Project/Typing-Behavior-Time-Series-Analysis/outputs/02_analysis_descriptive_euclidean_dtw_clustering/figures/dtw_same_prompt_event_heatmap_P04.png,figure,P04: DTW Event-Sequence Similarity Across Users
/Users/kongfha/Desktop/Time_Series_Mining/Final Project/Typing-Behavior-Time-Series-Analysis/outputs/02_analysis_descriptive_euclidean_dtw_clustering/figures/dtw_same_prompt_event_heatmap_P05.png,figure,P05: DTW Event-Sequence Similarity Across Users
/Users/kongfha/Desktop/Time_Series_Mining/Final Project/Typing-Behavior-Time-Series-Analysis/outputs/02_analysis_descriptive_euclidean_dtw_clustering/figures/dtw_same_prompt_event_heatmap_P06.png,figure,P06: DTW Event-Sequence Similarity Across Users
/Users/kongfha/Desktop/Time_Series_Mining/Final Project/Typing-Behavior-Time-Series-Analysis/outputs/02_analysis_descriptive_euclidean_dtw_clustering/figures/dtw_same_prompt_event_heatmap_P07.png,figure,P07: DTW Event-Sequence Similarity Across Users
/Users/kongfha/Desktop/Time_Series_Mining/Final Project/Typing-Behavior-Time-Series-Analysis/outputs/02_analysis_descriptive_euclidean_dtw_clustering/figures/dtw_same_prompt_event_heatmap_P08.png,figure,P08: DTW Event-Sequence Similarity Across Users
/Users/kongfha/Desktop/Time_Series_Mining/Final Project/Typing-Behavior-Time-Series-Analysis/outputs/02_analysis_descriptive_euclidean_dtw_clustering/figures/dtw_same_prompt_event_heatmap_P09.png,figure,P09: DTW Event-Sequence Similarity Across Users
/Users/kongfha/Desktop/Time_Series_Mining/Final Project/Typing-Behavior-Time-Series-Analysis/outputs/02_analysis_descriptive_euclidean_dtw_clustering/figures/dtw_same_prompt_event_heatmap_P10.png,figure,P10: DTW Event-Sequence Similarity Across Users
/Users/kongfha/Desktop/Time_Series_Mining/Final Project/Typing-Behavior-Time-Series-Analysis/outputs/02_analysis_descriptive_euclidean_dtw_clustering/figures/dtw_same_prompt_event_heatmap_P11.png,figure,P11: DTW Event-Sequence Similarity Across Users
/Users/kongfha/Desktop/Time_Series_Mining/Final Project/Typing-Behavior-Time-Series-Analysis/outputs/02_analysis_descriptive_euclidean_dtw_clustering/figures/dtw_same_prompt_event_heatmap_P12.png,figure,P12: DTW Event-Sequence Similarity Across Users
/Users/kongfha/Desktop/Time_Series_Mining/Final Project/Typing-Behavior-Time-Series-Analysis/outputs/02_analysis_descriptive_euclidean_dtw_clustering/figures/dtw_same_prompt_event_heatmap_P13.png,figure,P13: DTW Event-Sequence Similarity Across Users
/Users/kongfha/Desktop/Time_Series_Mining/Final Project/Typing-Behavior-Time-Series-Analysis/outputs/02_analysis_descriptive_euclidean_dtw_clustering/figures/dtw_same_prompt_event_heatmap_P14.png,figure,P14: DTW Event-Sequence Similarity Across Users
/Users/kongfha/Desktop/Time_Series_Mining/Final Project/Typing-Behavior-Time-Series-Analysis/outputs/02_analysis_descriptive_euclidean_dtw_clustering/figures/error_episode_dendrogram.png,figure,Error-Episode Window Dendrogram (DTW)
/Users/kongfha/Desktop/Time_Series_Mining/Final Project/Typing-Behavior-Time-Series-Analysis/outputs/02_analysis_descriptive_euclidean_dtw_clustering/figures/error_episode_heatmap_reordered.png,figure,Error-Episode DTW Heatmap (Reordered)
/Users/kongfha/Desktop/Time_Series_Mining/Final Project/Typing-Behavior-Time-Series-Analysis/outputs/02_analysis_descriptive_euclidean_dtw_clustering/figures/euclidean_prompt_position_heatmap_P01.png,figure,P01: Euclidean Distance on Prompt-Position Stability Curves
/Users/kongfha/Desktop/Time_Series_Mining/Final Project/Typing-Behavior-Time-Series-Analysis/outputs/02_analysis_descriptive_euclidean_dtw_clustering/figures/euclidean_prompt_position_heatmap_P02.png,figure,P02: Euclidean Distance on Prompt-Position Stability Curves
/Users/kongfha/Desktop/Time_Series_Mining/Final Project/Typing-Behavior-Time-Series-Analysis/outputs/02_analysis_descriptive_euclidean_dtw_clustering/figures/euclidean_prompt_position_heatmap_P03.png,figure,P03: Euclidean Distance on Prompt-Position Stability Curves
/Users/kongfha/Desktop/Time_Series_Mining/Final Project/Typing-Behavior-Time-Series-Analysis/outputs/02_analysis_descriptive_euclidean_dtw_clustering/figures/euclidean_prompt_position_heatmap_P04.png,figure,P04: Euclidean Distance on Prompt-Position Stability Curves
/Users/kongfha/Desktop/Time_Series_Mining/Final Project/Typing-Behavior-Time-Series-Analysis/outputs/02_analysis_descriptive_euclidean_dtw_clustering/figures/euclidean_prompt_position_heatmap_P05.png,figure,P05: Euclidean Distance on Prompt-Position Stability Curves
/Users/kongfha/Desktop/Time_Series_Mining/Final Project/Typing-Behavior-Time-Series-Analysis/outputs/02_analysis_descriptive_euclidean_dtw_clustering/figures/euclidean_prompt_position_heatmap_P06.png,figure,P06: Euclidean Distance on Prompt-Position Stability Curves
/Users/kongfha/Desktop/Time_Series_Mining/Final Project/Typing-Behavior-Time-Series-Analysis/outputs/02_analysis_descriptive_euclidean_dtw_clustering/figures/euclidean_prompt_position_heatmap_P07.png,figure,P07: Euclidean Distance on Prompt-Position Stability Curves
/Users/kongfha/Desktop/Time_Series_Mining/Final Project/Typing-Behavior-Time-Series-Analysis/outputs/02_analysis_descriptive_euclidean_dtw_clustering/figures/euclidean_prompt_position_heatmap_P08.png,figure,P08: Euclidean Distance on Prompt-Position Stability Curves
/Users/kongfha/Desktop/Time_Series_Mining/Final Project/Typing-Behavior-Time-Series-Analysis/outputs/02_analysis_descriptive_euclidean_dtw_clustering/figures/euclidean_prompt_position_heatmap_P09.png,figure,P09: Euclidean Distance on Prompt-Position Stability Curves
/Users/kongfha/Desktop/Time_Series_Mining/Final Project/Typing-Behavior-Time-Series-Analysis/outputs/02_analysis_descriptive_euclidean_dtw_clustering/figures/euclidean_prompt_position_heatmap_P10.png,figure,P10: Euclidean Distance on Prompt-Position Stability Curves
/Users/kongfha/Desktop/Time_Series_Mining/Final Project/Typing-Behavior-Time-Series-Analysis/outputs/02_analysis_descriptive_euclidean_dtw_clustering/figures/euclidean_prompt_position_heatmap_P11.png,figure,P11: Euclidean Distance on Prompt-Position Stability Curves
/Users/kongfha/Desktop/Time_Series_Mining/Final Project/Typing-Behavior-Time-Series-Analysis/outputs/02_analysis_descriptive_euclidean_dtw_clustering/figures/euclidean_prompt_position_heatmap_P12.png,figure,P12: Euclidean Distance on Prompt-Position Stability Curves
/Users/kongfha/Desktop/Time_Series_Mining/Final Project/Typing-Behavior-Time-Series-Analysis/outputs/02_analysis_descriptive_euclidean_dtw_clustering/figures/euclidean_prompt_position_heatmap_P13.png,figure,P13: Euclidean Distance on Prompt-Position Stability Curves
/Users/kongfha/Desktop/Time_Series_Mining/Final Project/Typing-Behavior-Time-Series-Analysis/outputs/02_analysis_descriptive_euclidean_dtw_clustering/figures/euclidean_prompt_position_heatmap_P14.png,figure,P14: Euclidean Distance on Prompt-Position Stability Curves
/Users/kongfha/Desktop/Time_Series_Mining/Final Project/Typing-Behavior-Time-Series-Analysis/outputs/02_analysis_descriptive_euclidean_dtw_clustering/figures/euclidean_resampled_friction_waveform_heatmap.png,figure,Secondary Euclidean Baseline: Resampled Friction Waveforms
/Users/kongfha/Desktop/Time_Series_Mining/Final Project/Typing-Behavior-Time-Series-Analysis/outputs/02_analysis_descriptive_euclidean_dtw_clustering/figures/keyboard_demand_char_class_time_to_stability.png,figure,Character Class: Mean Time to Stability
/Users/kongfha/Desktop/Time_Series_Mining/Final Project/Typing-Behavior-Time-Series-Analysis/outputs/02_analysis_descriptive_euclidean_dtw_clustering/figures/keyboard_demand_layout_compare.png,figure,Thai vs English Layout Demand
/Users/kongfha/Desktop/Time_Series_Mining/Final Project/Typing-Behavior-Time-Series-Analysis/outputs/02_analysis_descriptive_euclidean_dtw_clustering/figures/keyboard_demand_layout_switch_compare.png,figure,Layout Switch vs Non-Switch
/Users/kongfha/Desktop/Time_Series_Mining/Final Project/Typing-Behavior-Time-Series-Analysis/outputs/02_analysis_descriptive_euclidean_dtw_clustering/figures/keyboard_demand_shift_compare.png,figure,Shift vs Non-Shift: Mean Time to Stability
/Users/kongfha/Desktop/Time_Series_Mining/Final Project/Typing-Behavior-Time-Series-Analysis/outputs/02_analysis_descriptive_euclidean_dtw_clustering/figures/keyboard_demand_zone_compare.png,figure,Zone Comparison: Mean Time to Stability
/Users/kongfha/Desktop/Time_Series_Mining/Final Project/Typing-Behavior-Time-Series-Analysis/outputs/02_analysis_descriptive_euclidean_dtw_clustering/figures/participant_profile_euclidean_dendrogram.png,figure,Participant profile Euclidean dendrogram
/Users/kongfha/Desktop/Time_Series_Mining/Final Project/Typing-Behavior-Time-Series-Analysis/outputs/02_analysis_descriptive_euclidean_dtw_clustering/figures/participant_profile_euclidean_dendrogram_complete.png,figure,"Participant Profile Dendrogram (Euclidean, complete linkage)"
/Users/kongfha/Desktop/Time_Series_Mining/Final Project/Typing-Behavior-Time-Series-Analysis/outputs/02_analysis_descriptive_euclidean_dtw_clustering/figures/participant_profile_euclidean_heatmap.png,figure,Participant Profile Euclidean Distance Heatmap
/Users/kongfha/Desktop/Time_Series_Mining/Final Project/Typing-Behavior-Time-Series-Analysis/outputs/02_analysis_descriptive_euclidean_dtw_clustering/figures/participant_profile_euclidean_heatmap_reordered.png,figure,Participant Profile Distance Heatmap (Reordered)
/Users/kongfha/Desktop/Time_Series_Mining/Final Project/Typing-Behavior-Time-Series-Analysis/outputs/02_analysis_descriptive_euclidean_dtw_clustering/figures/participant_prompt_duration_heatmap.png,figure,Participant × Prompt Heatmap: Duration
/Users/kongfha/Desktop/Time_Series_Mining/Final Project/Typing-Behavior-Time-Series-Analysis/outputs/02_analysis_descriptive_euclidean_dtw_clustering/figures/participant_prompt_friction_heatmap.png,figure,Participant × Prompt Heatmap: Mean Friction
/Users/kongfha/Desktop/Time_Series_Mining/Final Project/Typing-Behavior-Time-Series-Analysis/outputs/02_analysis_descriptive_euclidean_dtw_clustering/figures/prompt_mean_delete_count.png,figure,Mean Delete Count by Prompt
/Users/kongfha/Desktop/Time_Series_Mining/Final Project/Typing-Behavior-Time-Series-Analysis/outputs/02_analysis_descriptive_euclidean_dtw_clustering/figures/prompt_mean_duration_ms.png,figure,Mean Duration by Prompt
/Users/kongfha/Desktop/Time_Series_Mining/Final Project/Typing-Behavior-Time-Series-Analysis/outputs/02_analysis_descriptive_euclidean_dtw_clustering/figures/prompt_mean_duration_per_character.png,figure,Mean Duration per Character by Prompt
/Users/kongfha/Desktop/Time_Series_Mining/Final Project/Typing-Behavior-Time-Series-Analysis/outputs/02_analysis_descriptive_euclidean_dtw_clustering/figures/prompt_mean_error_episodes.png,figure,Mean Number of Error Episodes by Prompt
/Users/kongfha/Desktop/Time_Series_Mining/Final Project/Typing-Behavior-Time-Series-Analysis/outputs/02_analysis_descriptive_euclidean_dtw_clustering/figures/prompt_mean_friction.png,figure,Mean Friction by Prompt
/Users/kongfha/Desktop/Time_Series_Mining/Final Project/Typing-Behavior-Time-Series-Analysis/outputs/02_analysis_descriptive_euclidean_dtw_clustering/figures/prompt_position_curve_dendrogram_P14.png,figure,P14: Prompt-Position Curve Dendrogram (Euclidean)
/Users/kongfha/Desktop/Time_Series_Mining/Final Project/Typing-Behavior-Time-Series-Analysis/outputs/02_analysis_descriptive_euclidean_dtw_clustering/figures/prompt_position_curve_heatmap_reordered_P14.png,figure,P14: Prompt-Position Euclidean Heatmap (Reordered)
/Users/kongfha/Desktop/Time_Series_Mining/Final Project/Typing-Behavior-Time-Series-Analysis/outputs/02_analysis_descriptive_euclidean_dtw_clustering/figures/prompt_position_curves_P01.png,figure,Prompt-position aggregated curves for P01
/Users/kongfha/Desktop/Time_Series_Mining/Final Project/Typing-Behavior-Time-Series-Analysis/outputs/02_analysis_descriptive_euclidean_dtw_clustering/figures/prompt_position_curves_P02.png,figure,Prompt-position aggregated curves for P02
/Users/kongfha/Desktop/Time_Series_Mining/Final Project/Typing-Behavior-Time-Series-Analysis/outputs/02_analysis_descriptive_euclidean_dtw_clustering/figures/prompt_position_curves_P03.png,figure,Prompt-position aggregated curves for P03
/Users/kongfha/Desktop/Time_Series_Mining/Final Project/Typing-Behavior-Time-Series-Analysis/outputs/02_analysis_descriptive_euclidean_dtw_clustering/figures/prompt_position_curves_P04.png,figure,Prompt-position aggregated curves for P04
/Users/kongfha/Desktop/Time_Series_Mining/Final Project/Typing-Behavior-Time-Series-Analysis/outputs/02_analysis_descriptive_euclidean_dtw_clustering/figures/prompt_position_curves_P05.png,figure,Prompt-position aggregated curves for P05
/Users/kongfha/Desktop/Time_Series_Mining/Final Project/Typing-Behavior-Time-Series-Analysis/outputs/02_analysis_descriptive_euclidean_dtw_clustering/figures/prompt_position_curves_P06.png,figure,Prompt-position aggregated curves for P06
/Users/kongfha/Desktop/Time_Series_Mining/Final Project/Typing-Behavior-Time-Series-Analysis/outputs/02_analysis_descriptive_euclidean_dtw_clustering/figures/prompt_position_curves_P07.png,figure,Prompt-position aggregated curves for P07
/Users/kongfha/Desktop/Time_Series_Mining/Final Project/Typing-Behavior-Time-Series-Analysis/outputs/02_analysis_descriptive_euclidean_dtw_clustering/figures/prompt_position_curves_P08.png,figure,Prompt-position aggregated curves for P08
/Users/kongfha/Desktop/Time_Series_Mining/Final Project/Typing-Behavior-Time-Series-Analysis/outputs/02_analysis_descriptive_euclidean_dtw_clustering/figures/prompt_position_curves_P09.png,figure,Prompt-position aggregated curves for P09
/Users/kongfha/Desktop/Time_Series_Mining/Final Project/Typing-Behavior-Time-Series-Analysis/outputs/02_analysis_descriptive_euclidean_dtw_clustering/figures/prompt_position_curves_P10.png,figure,Prompt-position aggregated curves for P10
/Users/kongfha/Desktop/Time_Series_Mining/Final Project/Typing-Behavior-Time-Series-Analysis/outputs/02_analysis_descriptive_euclidean_dtw_clustering/figures/prompt_position_curves_P11.png,figure,Prompt-position aggregated curves for P11
/Users/kongfha/Desktop/Time_Series_Mining/Final Project/Typing-Behavior-Time-Series-Analysis/outputs/02_analysis_descriptive_euclidean_dtw_clustering/figures/prompt_position_curves_P12.png,figure,Prompt-position aggregated curves for P12
/Users/kongfha/Desktop/Time_Series_Mining/Final Project/Typing-Behavior-Time-Series-Analysis/outputs/02_analysis_descriptive_euclidean_dtw_clustering/figures/prompt_position_curves_P13.png,figure,Prompt-position aggregated curves for P13
/Users/kongfha/Desktop/Time_Series_Mining/Final Project/Typing-Behavior-Time-Series-Analysis/outputs/02_analysis_descriptive_euclidean_dtw_clustering/figures/prompt_position_curves_P14.png,figure,Prompt-position aggregated curves for P14
/Users/kongfha/Desktop/Time_Series_Mining/Final Project/Typing-Behavior-Time-Series-Analysis/outputs/02_analysis_descriptive_euclidean_dtw_clustering/figures/prompt_position_heatmaps_P01.png,figure,Prompt-position heatmaps for P01
/Users/kongfha/Desktop/Time_Series_Mining/Final Project/Typing-Behavior-Time-Series-Analysis/outputs/02_analysis_descriptive_euclidean_dtw_clustering/figures/prompt_position_heatmaps_P02.png,figure,Prompt-position heatmaps for P02
/Users/kongfha/Desktop/Time_Series_Mining/Final Project/Typing-Behavior-Time-Series-Analysis/outputs/02_analysis_descriptive_euclidean_dtw_clustering/figures/prompt_position_heatmaps_P03.png,figure,Prompt-position heatmaps for P03
/Users/kongfha/Desktop/Time_Series_Mining/Final Project/Typing-Behavior-Time-Series-Analysis/outputs/02_analysis_descriptive_euclidean_dtw_clustering/figures/prompt_position_heatmaps_P04.png,figure,Prompt-position heatmaps for P04
/Users/kongfha/Desktop/Time_Series_Mining/Final Project/Typing-Behavior-Time-Series-Analysis/outputs/02_analysis_descriptive_euclidean_dtw_clustering/figures/prompt_position_heatmaps_P05.png,figure,Prompt-position heatmaps for P05
/Users/kongfha/Desktop/Time_Series_Mining/Final Project/Typing-Behavior-Time-Series-Analysis/outputs/02_analysis_descriptive_euclidean_dtw_clustering/figures/prompt_position_heatmaps_P06.png,figure,Prompt-position heatmaps for P06
/Users/kongfha/Desktop/Time_Series_Mining/Final Project/Typing-Behavior-Time-Series-Analysis/outputs/02_analysis_descriptive_euclidean_dtw_clustering/figures/prompt_position_heatmaps_P07.png,figure,Prompt-position heatmaps for P07
/Users/kongfha/Desktop/Time_Series_Mining/Final Project/Typing-Behavior-Time-Series-Analysis/outputs/02_analysis_descriptive_euclidean_dtw_clustering/figures/prompt_position_heatmaps_P08.png,figure,Prompt-position heatmaps for P08
/Users/kongfha/Desktop/Time_Series_Mining/Final Project/Typing-Behavior-Time-Series-Analysis/outputs/02_analysis_descriptive_euclidean_dtw_clustering/figures/prompt_position_heatmaps_P09.png,figure,Prompt-position heatmaps for P09
/Users/kongfha/Desktop/Time_Series_Mining/Final Project/Typing-Behavior-Time-Series-Analysis/outputs/02_analysis_descriptive_euclidean_dtw_clustering/figures/prompt_position_heatmaps_P10.png,figure,Prompt-position heatmaps for P10
/Users/kongfha/Desktop/Time_Series_Mining/Final Project/Typing-Behavior-Time-Series-Analysis/outputs/02_analysis_descriptive_euclidean_dtw_clustering/figures/prompt_position_heatmaps_P11.png,figure,Prompt-position heatmaps for P11
/Users/kongfha/Desktop/Time_Series_Mining/Final Project/Typing-Behavior-Time-Series-Analysis/outputs/02_analysis_descriptive_euclidean_dtw_clustering/figures/prompt_position_heatmaps_P12.png,figure,Prompt-position heatmaps for P12
/Users/kongfha/Desktop/Time_Series_Mining/Final Project/Typing-Behavior-Time-Series-Analysis/outputs/02_analysis_descriptive_euclidean_dtw_clustering/figures/prompt_position_heatmaps_P13.png,figure,Prompt-position heatmaps for P13
/Users/kongfha/Desktop/Time_Series_Mining/Final Project/Typing-Behavior-Time-Series-Analysis/outputs/02_analysis_descriptive_euclidean_dtw_clustering/figures/prompt_position_heatmaps_P14.png,figure,Prompt-position heatmaps for P14
/Users/kongfha/Desktop/Time_Series_Mining/Final Project/Typing-Behavior-Time-Series-Analysis/outputs/02_analysis_descriptive_euclidean_dtw_clustering/figures/recovery_episode_bar_charts.png,figure,Recovery-episode bar charts
/Users/kongfha/Desktop/Time_Series_Mining/Final Project/Typing-Behavior-Time-Series-Analysis/outputs/02_analysis_descriptive_euclidean_dtw_clustering/figures/recovery_episode_distributions.png,figure,Recovery-episode distribution plots
/Users/kongfha/Desktop/Time_Series_Mining/Final Project/Typing-Behavior-Time-Series-Analysis/outputs/02_analysis_descriptive_euclidean_dtw_clustering/figures/thai_font_render_test.png,figure,Thai font render test figure
/Users/kongfha/Desktop/Time_Series_Mining/Final Project/Typing-Behavior-Time-Series-Analysis/outputs/02_analysis_descriptive_euclidean_dtw_clustering/figures/trial_event_dendrogram_P13.png,figure,P13: Trial-Level Event Sequence Dendrogram (DTW)
/Users/kongfha/Desktop/Time_Series_Mining/Final Project/Typing-Behavior-Time-Series-Analysis/outputs/02_analysis_descriptive_euclidean_dtw_clustering/figures/trial_event_heatmap_reordered_P13.png,figure,P13: Trial-Level DTW Heatmap (Reordered)
/Users/kongfha/Desktop/Time_Series_Mining/Final Project/Typing-Behavior-Time-Series-Analysis/outputs/02_analysis_descriptive_euclidean_dtw_clustering/logs/dtw_sequence_inventory.json,json,DTW sequence inventory
/Users/kongfha/Desktop/Time_Series_Mining/Final Project/Typing-Behavior-Time-Series-Analysis/outputs/02_analysis_descriptive_euclidean_dtw_clustering/logs/thai_font_setup_summary.json,json,Thai font setup summary
/Users/kongfha/Desktop/Time_Series_Mining/Final Project/Typing-Behavior-Time-Series-Analysis/outputs/02_analysis_descriptive_euclidean_dtw_clustering/cluster_outputs/error_episode_cluster_membership.csv,table,Error-episode DTW cluster membership
/Users/kongfha/Desktop/Time_Series_Mining/Final Project/Typing-Behavior-Time-Series-Analysis/outputs/02_analysis_descriptive_euclidean_dtw_clustering/cluster_outputs/error_episode_cluster_summary.csv,table,Error-episode DTW cluster summary
/Users/kongfha/Desktop/Time_Series_Mining/Final Project/Typing-Behavior-Time-Series-Analysis/outputs/02_analysis_descriptive_euclidean_dtw_clustering/cluster_outputs/participant_profile_cluster_membership.csv,table,Participant profile cluster membership
/Users/kongfha/Desktop/Time_Series_Mining/Final Project/Typing-Behavior-Time-Series-Analysis/outputs/02_analysis_descriptive_euclidean_dtw_clustering/cluster_outputs/participant_profile_cluster_summary.csv,table,Participant profile cluster summary
/Users/kongfha/Desktop/Time_Series_Mining/Final Project/Typing-Behavior-Time-Series-Analysis/outputs/02_analysis_descriptive_euclidean_dtw_clustering/cluster_outputs/prompt_position_cluster_membership_P14.csv,table,Prompt-position cluster membership for P14
/Users/kongfha/Desktop/Time_Series_Mining/Final Project/Typing-Behavior-Time-Series-Analysis/outputs/02_analysis_descriptive_euclidean_dtw_clustering/cluster_outputs/prompt_position_cluster_summary_P14.csv,table,Prompt-position cluster summary for P14
/Users/kongfha/Desktop/Time_Series_Mining/Final Project/Typing-Behavior-Time-Series-Analysis/outputs/02_analysis_descriptive_euclidean_dtw_clustering/cluster_outputs/trial_event_cluster_membership_P13.csv,table,Trial-level DTW cluster membership for P13
/Users/kongfha/Desktop/Time_Series_Mining/Final Project/Typing-Behavior-Time-Series-Analysis/outputs/02_analysis_descriptive_euclidean_dtw_clustering/cluster_outputs/trial_event_cluster_summary_P13.csv,table,Trial-level DTW cluster summary for P13
/Users/kongfha/Desktop/Time_Series_Mining/Final Project/Typing-Behavior-Time-Series-Analysis/outputs/02_analysis_descriptive_euclidean_dtw_clustering/distance_matrices/dtw_error_episode_windows.csv,table,DTW distance matrix for selected error-episode windows
/Users/kongfha/Desktop/Time_Series_Mining/Final Project/Typing-Behavior-Time-Series-Analysis/outputs/02_analysis_descriptive_euclidean_dtw_clustering/distance_matrices/dtw_representative_prompt_friction_waveforms.csv,table,Secondary DTW matrix for representative prompt friction waveforms
/Users/kongfha/Desktop/Time_Series_Mining/Final Project/Typing-Behavior-Time-Series-Analysis/outputs/02_analysis_descriptive_euclidean_dtw_clustering/distance_matrices/dtw_same_participant_cross_prompt_Bao.csv,table,Same-participant cross-prompt DTW distance matrix for Bao
/Users/kongfha/Desktop/Time_Series_Mining/Final Project/Typing-Behavior-Time-Series-Analysis/outputs/02_analysis_descriptive_euclidean_dtw_clustering/distance_matrices/dtw_same_participant_cross_prompt_Chokdee`.csv,table,Same-participant cross-prompt DTW distance matrix for Chokdee`
/Users/kongfha/Desktop/Time_Series_Mining/Final Project/Typing-Behavior-Time-Series-Analysis/outputs/02_analysis_descriptive_euclidean_dtw_clustering/distance_matrices/dtw_same_participant_cross_prompt_DDDD.csv,table,Same-participant cross-prompt DTW distance matrix for DDDD
/Users/kongfha/Desktop/Time_Series_Mining/Final Project/Typing-Behavior-Time-Series-Analysis/outputs/02_analysis_descriptive_euclidean_dtw_clustering/distance_matrices/dtw_same_participant_cross_prompt_JJ.csv,table,Same-participant cross-prompt DTW distance matrix for JJ
/Users/kongfha/Desktop/Time_Series_Mining/Final Project/Typing-Behavior-Time-Series-Analysis/outputs/02_analysis_descriptive_euclidean_dtw_clustering/distance_matrices/dtw_same_participant_cross_prompt_Ja.csv,table,Same-participant cross-prompt DTW distance matrix for Ja
/Users/kongfha/Desktop/Time_Series_Mining/Final Project/Typing-Behavior-Time-Series-Analysis/outputs/02_analysis_descriptive_euclidean_dtw_clustering/distance_matrices/dtw_same_participant_cross_prompt_Kuga.csv,table,Same-participant cross-prompt DTW distance matrix for Kuga
/Users/kongfha/Desktop/Time_Series_Mining/Final Project/Typing-Behavior-Time-Series-Analysis/outputs/02_analysis_descriptive_euclidean_dtw_clustering/distance_matrices/dtw_same_participant_cross_prompt_Kurosagi Ichigo.csv,table,Same-participant cross-prompt DTW distance matrix for Kurosagi Ichigo
/Users/kongfha/Desktop/Time_Series_Mining/Final Project/Typing-Behavior-Time-Series-Analysis/outputs/02_analysis_descriptive_euclidean_dtw_clustering/distance_matrices/dtw_same_participant_cross_prompt_M.csv,table,Same-participant cross-prompt DTW distance matrix for M
/Users/kongfha/Desktop/Time_Series_Mining/Final Project/Typing-Behavior-Time-Series-Analysis/outputs/02_analysis_descriptive_euclidean_dtw_clustering/distance_matrices/dtw_same_participant_cross_prompt_Mick.csv,table,Same-participant cross-prompt DTW distance matrix for Mick
/Users/kongfha/Desktop/Time_Series_Mining/Final Project/Typing-Behavior-Time-Series-Analysis/outputs/02_analysis_descriptive_euclidean_dtw_clustering/distance_matrices/dtw_same_participant_cross_prompt_Micky.csv,table,Same-participant cross-prompt DTW distance matrix for Micky
/Users/kongfha/Desktop/Time_Series_Mining/Final Project/Typing-Behavior-Time-Series-Analysis/outputs/02_analysis_descriptive_euclidean_dtw_clustering/distance_matrices/dtw_same_participant_cross_prompt_Naenon.csv,table,Same-participant cross-prompt DTW distance matrix for Naenon
/Users/kongfha/Desktop/Time_Series_Mining/Final Project/Typing-Behavior-Time-Series-Analysis/outputs/02_analysis_descriptive_euclidean_dtw_clustering/distance_matrices/dtw_same_participant_cross_prompt_Offroad.csv,table,Same-participant cross-prompt DTW distance matrix for Offroad
/Users/kongfha/Desktop/Time_Series_Mining/Final Project/Typing-Behavior-Time-Series-Analysis/outputs/02_analysis_descriptive_euclidean_dtw_clustering/distance_matrices/dtw_same_participant_cross_prompt_Plub.csv,table,Same-participant cross-prompt DTW distance matrix for Plub
/Users/kongfha/Desktop/Time_Series_Mining/Final Project/Typing-Behavior-Time-Series-Analysis/outputs/02_analysis_descriptive_euclidean_dtw_clustering/distance_matrices/dtw_same_participant_cross_prompt_Shimmy.csv,table,Same-participant cross-prompt DTW distance matrix for Shimmy
/Users/kongfha/Desktop/Time_Series_Mining/Final Project/Typing-Behavior-Time-Series-Analysis/outputs/02_analysis_descriptive_euclidean_dtw_clustering/distance_matrices/dtw_same_participant_cross_prompt_Tack.csv,table,Same-participant cross-prompt DTW distance matrix for Tack
/Users/kongfha/Desktop/Time_Series_Mining/Final Project/Typing-Behavior-Time-Series-Analysis/outputs/02_analysis_descriptive_euclidean_dtw_clustering/distance_matrices/dtw_same_participant_cross_prompt_Tw.csv,table,Same-participant cross-prompt DTW distance matrix for Tw
/Users/kongfha/Desktop/Time_Series_Mining/Final Project/Typing-Behavior-Time-Series-Analysis/outputs/02_analysis_descriptive_euclidean_dtw_clustering/distance_matrices/dtw_same_participant_cross_prompt_champion.csv,table,Same-participant cross-prompt DTW distance matrix for champion
/Users/kongfha/Desktop/Time_Series_Mining/Final Project/Typing-Behavior-Time-Series-Analysis/outputs/02_analysis_descriptive_euclidean_dtw_clustering/distance_matrices/dtw_same_participant_cross_prompt_gobgab.csv,table,Same-participant cross-prompt DTW distance matrix for gobgab
/Users/kongfha/Desktop/Time_Series_Mining/Final Project/Typing-Behavior-Time-Series-Analysis/outputs/02_analysis_descriptive_euclidean_dtw_clustering/distance_matrices/dtw_same_participant_cross_prompt_march.csv,table,Same-participant cross-prompt DTW distance matrix for march
/Users/kongfha/Desktop/Time_Series_Mining/Final Project/Typing-Behavior-Time-Series-Analysis/outputs/02_analysis_descriptive_euclidean_dtw_clustering/distance_matrices/dtw_same_participant_cross_prompt_name.csv,table,Same-participant cross-prompt DTW distance matrix for name
/Users/kongfha/Desktop/Time_Series_Mining/Final Project/Typing-Behavior-Time-Series-Analysis/outputs/02_analysis_descriptive_euclidean_dtw_clustering/distance_matrices/dtw_same_participant_cross_prompt_sine.csv,table,Same-participant cross-prompt DTW distance matrix for sine
/Users/kongfha/Desktop/Time_Series_Mining/Final Project/Typing-Behavior-Time-Series-Analysis/outputs/02_analysis_descriptive_euclidean_dtw_clustering/distance_matrices/dtw_same_participant_cross_prompt_superidol.csv,table,Same-participant cross-prompt DTW distance matrix for superidol
/Users/kongfha/Desktop/Time_Series_Mining/Final Project/Typing-Behavior-Time-Series-Analysis/outputs/02_analysis_descriptive_euclidean_dtw_clustering/distance_matrices/dtw_same_participant_cross_prompt_ก้องฟ้า.csv,table,Same-participant cross-prompt DTW distance matrix for ก้องฟ้า
/Users/kongfha/Desktop/Time_Series_Mining/Final Project/Typing-Behavior-Time-Series-Analysis/outputs/02_analysis_descriptive_euclidean_dtw_clustering/distance_matrices/dtw_same_participant_cross_prompt_น้ำ.csv,table,Same-participant cross-prompt DTW distance matrix for น้ำ
/Users/kongfha/Desktop/Time_Series_Mining/Final Project/Typing-Behavior-Time-Series-Analysis/outputs/02_analysis_descriptive_euclidean_dtw_clustering/distance_matrices/dtw_same_participant_cross_prompt_เจ.csv,table,Same-participant cross-prompt DTW distance matrix for เจ
/Users/kongfha/Desktop/Time_Series_Mining/Final Project/Typing-Behavior-Time-Series-Analysis/outputs/02_analysis_descriptive_euclidean_dtw_clustering/distance_matrices/dtw_same_participant_cross_prompt_เทพซ่า676767677.csv,table,Same-participant cross-prompt DTW distance matrix for เทพซ่า676767677
/Users/kongfha/Desktop/Time_Series_Mining/Final Project/Typing-Behavior-Time-Series-Analysis/outputs/02_analysis_descriptive_euclidean_dtw_clustering/distance_matrices/dtw_same_prompt_event_sequences_P01.csv,table,Same-prompt DTW distance matrix for P01
/Users/kongfha/Desktop/Time_Series_Mining/Final Project/Typing-Behavior-Time-Series-Analysis/outputs/02_analysis_descriptive_euclidean_dtw_clustering/distance_matrices/dtw_same_prompt_event_sequences_P02.csv,table,Same-prompt DTW distance matrix for P02
/Users/kongfha/Desktop/Time_Series_Mining/Final Project/Typing-Behavior-Time-Series-Analysis/outputs/02_analysis_descriptive_euclidean_dtw_clustering/distance_matrices/dtw_same_prompt_event_sequences_P03.csv,table,Same-prompt DTW distance matrix for P03
/Users/kongfha/Desktop/Time_Series_Mining/Final Project/Typing-Behavior-Time-Series-Analysis/outputs/02_analysis_descriptive_euclidean_dtw_clustering/distance_matrices/dtw_same_prompt_event_sequences_P04.csv,table,Same-prompt DTW distance matrix for P04
/Users/kongfha/Desktop/Time_Series_Mining/Final Project/Typing-Behavior-Time-Series-Analysis/outputs/02_analysis_descriptive_euclidean_dtw_clustering/distance_matrices/dtw_same_prompt_event_sequences_P05.csv,table,Same-prompt DTW distance matrix for P05
/Users/kongfha/Desktop/Time_Series_Mining/Final Project/Typing-Behavior-Time-Series-Analysis/outputs/02_analysis_descriptive_euclidean_dtw_clustering/distance_matrices/dtw_same_prompt_event_sequences_P06.csv,table,Same-prompt DTW distance matrix for P06
/Users/kongfha/Desktop/Time_Series_Mining/Final Project/Typing-Behavior-Time-Series-Analysis/outputs/02_analysis_descriptive_euclidean_dtw_clustering/distance_matrices/dtw_same_prompt_event_sequences_P07.csv,table,Same-prompt DTW distance matrix for P07
/Users/kongfha/Desktop/Time_Series_Mining/Final Project/Typing-Behavior-Time-Series-Analysis/outputs/02_analysis_descriptive_euclidean_dtw_clustering/distance_matrices/dtw_same_prompt_event_sequences_P08.csv,table,Same-prompt DTW distance matrix for P08
/Users/kongfha/Desktop/Time_Series_Mining/Final Project/Typing-Behavior-Time-Series-Analysis/outputs/02_analysis_descriptive_euclidean_dtw_clustering/distance_matrices/dtw_same_prompt_event_sequences_P09.csv,table,Same-prompt DTW distance matrix for P09
/Users/kongfha/Desktop/Time_Series_Mining/Final Project/Typing-Behavior-Time-Series-Analysis/outputs/02_analysis_descriptive_euclidean_dtw_clustering/distance_matrices/dtw_same_prompt_event_sequences_P10.csv,table,Same-prompt DTW distance matrix for P10
/Users/kongfha/Desktop/Time_Series_Mining/Final Project/Typing-Behavior-Time-Series-Analysis/outputs/02_analysis_descriptive_euclidean_dtw_clustering/distance_matrices/dtw_same_prompt_event_sequences_P11.csv,table,Same-prompt DTW distance matrix for P11
/Users/kongfha/Desktop/Time_Series_Mining/Final Project/Typing-Behavior-Time-Series-Analysis/outputs/02_analysis_descriptive_euclidean_dtw_clustering/distance_matrices/dtw_same_prompt_event_sequences_P12.csv,table,Same-prompt DTW distance matrix for P12
/Users/kongfha/Desktop/Time_Series_Mining/Final Project/Typing-Behavior-Time-Series-Analysis/outputs/02_analysis_descriptive_euclidean_dtw_clustering/distance_matrices/dtw_same_prompt_event_sequences_P13.csv,table,Same-prompt DTW distance matrix for P13
/Users/kongfha/Desktop/Time_Series_Mining/Final Project/Typing-Behavior-Time-Series-Analysis/outputs/02_analysis_descriptive_euclidean_dtw_clustering/distance_matrices/dtw_same_prompt_event_sequences_P14.csv,table,Same-prompt DTW distance matrix for P14
/Users/kongfha/Desktop/Time_Series_Mining/Final Project/Typing-Behavior-Time-Series-Analysis/outputs/02_analysis_descriptive_euclidean_dtw_clustering/distance_matrices/euclidean_prompt_position_distance_P01.csv,table,Euclidean prompt-position distance matrix for P01
/Users/kongfha/Desktop/Time_Series_Mining/Final Project/Typing-Behavior-Time-Series-Analysis/outputs/02_analysis_descriptive_euclidean_dtw_clustering/distance_matrices/euclidean_prompt_position_distance_P02.csv,table,Euclidean prompt-position distance matrix for P02
/Users/kongfha/Desktop/Time_Series_Mining/Final Project/Typing-Behavior-Time-Series-Analysis/outputs/02_analysis_descriptive_euclidean_dtw_clustering/distance_matrices/euclidean_prompt_position_distance_P03.csv,table,Euclidean prompt-position distance matrix for P03
/Users/kongfha/Desktop/Time_Series_Mining/Final Project/Typing-Behavior-Time-Series-Analysis/outputs/02_analysis_descriptive_euclidean_dtw_clustering/distance_matrices/euclidean_prompt_position_distance_P04.csv,table,Euclidean prompt-position distance matrix for P04
/Users/kongfha/Desktop/Time_Series_Mining/Final Project/Typing-Behavior-Time-Series-Analysis/outputs/02_analysis_descriptive_euclidean_dtw_clustering/distance_matrices/euclidean_prompt_position_distance_P05.csv,table,Euclidean prompt-position distance matrix for P05
/Users/kongfha/Desktop/Time_Series_Mining/Final Project/Typing-Behavior-Time-Series-Analysis/outputs/02_analysis_descriptive_euclidean_dtw_clustering/distance_matrices/euclidean_prompt_position_distance_P06.csv,table,Euclidean prompt-position distance matrix for P06
/Users/kongfha/Desktop/Time_Series_Mining/Final Project/Typing-Behavior-Time-Series-Analysis/outputs/02_analysis_descriptive_euclidean_dtw_clustering/distance_matrices/euclidean_prompt_position_distance_P07.csv,table,Euclidean prompt-position distance matrix for P07
/Users/kongfha/Desktop/Time_Series_Mining/Final Project/Typing-Behavior-Time-Series-Analysis/outputs/02_analysis_descriptive_euclidean_dtw_clustering/distance_matrices/euclidean_prompt_position_distance_P08.csv,table,Euclidean prompt-position distance matrix for P08
/Users/kongfha/Desktop/Time_Series_Mining/Final Project/Typing-Behavior-Time-Series-Analysis/outputs/02_analysis_descriptive_euclidean_dtw_clustering/distance_matrices/euclidean_prompt_position_distance_P09.csv,table,Euclidean prompt-position distance matrix for P09
/Users/kongfha/Desktop/Time_Series_Mining/Final Project/Typing-Behavior-Time-Series-Analysis/outputs/02_analysis_descriptive_euclidean_dtw_clustering/distance_matrices/euclidean_prompt_position_distance_P10.csv,table,Euclidean prompt-position distance matrix for P10
/Users/kongfha/Desktop/Time_Series_Mining/Final Project/Typing-Behavior-Time-Series-Analysis/outputs/02_analysis_descriptive_euclidean_dtw_clustering/distance_matrices/euclidean_prompt_position_distance_P11.csv,table,Euclidean prompt-position distance matrix for P11
/Users/kongfha/Desktop/Time_Series_Mining/Final Project/Typing-Behavior-Time-Series-Analysis/outputs/02_analysis_descriptive_euclidean_dtw_clustering/distance_matrices/euclidean_prompt_position_distance_P12.csv,table,Euclidean prompt-position distance matrix for P12
/Users/kongfha/Desktop/Time_Series_Mining/Final Project/Typing-Behavior-Time-Series-Analysis/outputs/02_analysis_descriptive_euclidean_dtw_clustering/distance_matrices/euclidean_prompt_position_distance_P13.csv,table,Euclidean prompt-position distance matrix for P13
/Users/kongfha/Desktop/Time_Series_Mining/Final Project/Typing-Behavior-Time-Series-Analysis/outputs/02_analysis_descriptive_euclidean_dtw_clustering/distance_matrices/euclidean_prompt_position_distance_P14.csv,table,Euclidean prompt-position distance matrix for P14
/Users/kongfha/Desktop/Time_Series_Mining/Final Project/Typing-Behavior-Time-Series-Analysis/outputs/02_analysis_descriptive_euclidean_dtw_clustering/distance_matrices/euclidean_resampled_friction_waveform_distance.csv,table,Secondary Euclidean friction-waveform distance matrix
/Users/kongfha/Desktop/Time_Series_Mining/Final Project/Typing-Behavior-Time-Series-Analysis/outputs/02_analysis_descriptive_euclidean_dtw_clustering/distance_matrices/participant_profile_euclidean_distance_matrix.csv,table,Participant-profile Euclidean distance matrix
/Users/kongfha/Desktop/Time_Series_Mining/Final Project/Typing-Behavior-Time-Series-Analysis/outputs/02_analysis_descriptive_euclidean_dtw_clustering/tables/all_prompt_position_curve_summaries.csv,table,All prompt-position curve summaries
/Users/kongfha/Desktop/Time_Series_Mining/Final Project/Typing-Behavior-Time-Series-Analysis/outputs/02_analysis_descriptive_euclidean_dtw_clustering/tables/context_inventory.csv,table,Loaded context file inventory
/Users/kongfha/Desktop/Time_Series_Mining/Final Project/Typing-Behavior-Time-Series-Analysis/outputs/02_analysis_descriptive_euclidean_dtw_clustering/tables/dtw_error_episode_nearest_neighbors.csv,table,Nearest-neighbor examples for error-episode DTW
/Users/kongfha/Desktop/Time_Series_Mining/Final Project/Typing-Behavior-Time-Series-Analysis/outputs/02_analysis_descriptive_euclidean_dtw_clustering/tables/error_episode_window_metadata.csv,table,Error-episode window metadata for DTW
/Users/kongfha/Desktop/Time_Series_Mining/Final Project/Typing-Behavior-Time-Series-Analysis/outputs/02_analysis_descriptive_euclidean_dtw_clustering/tables/keyboard_demand_position_summary.csv,table,Keyboard-demand prompt-position summary
/Users/kongfha/Desktop/Time_Series_Mining/Final Project/Typing-Behavior-Time-Series-Analysis/outputs/02_analysis_descriptive_euclidean_dtw_clustering/tables/keyboard_demand_profile_summary.csv,table,Keyboard-demand summary aggregated across participants
/Users/kongfha/Desktop/Time_Series_Mining/Final Project/Typing-Behavior-Time-Series-Analysis/outputs/02_analysis_descriptive_euclidean_dtw_clustering/tables/loaded_table_inventory.csv,table,Loaded input table inventory
/Users/kongfha/Desktop/Time_Series_Mining/Final Project/Typing-Behavior-Time-Series-Analysis/outputs/02_analysis_descriptive_euclidean_dtw_clustering/tables/participant_by_prompt_duration_matrix.csv,table,Participant-by-prompt duration matrix
/Users/kongfha/Desktop/Time_Series_Mining/Final Project/Typing-Behavior-Time-Series-Analysis/outputs/02_analysis_descriptive_euclidean_dtw_clustering/tables/participant_by_prompt_friction_matrix.csv,table,Participant-by-prompt friction matrix
/Users/kongfha/Desktop/Time_Series_Mining/Final Project/Typing-Behavior-Time-Series-Analysis/outputs/02_analysis_descriptive_euclidean_dtw_clustering/tables/participant_cross_prompt_dtw_nearest_neighbors.csv,table,Participant cross-prompt DTW nearest prompt pairs
/Users/kongfha/Desktop/Time_Series_Mining/Final Project/Typing-Behavior-Time-Series-Analysis/outputs/02_analysis_descriptive_euclidean_dtw_clustering/tables/participant_cross_prompt_dtw_summary.csv,table,Participant cross-prompt DTW summary
/Users/kongfha/Desktop/Time_Series_Mining/Final Project/Typing-Behavior-Time-Series-Analysis/outputs/02_analysis_descriptive_euclidean_dtw_clustering/tables/participant_keyboard_profile_main_only.csv,table,Main-only participant keyboard profile
/Users/kongfha/Desktop/Time_Series_Mining/Final Project/Typing-Behavior-Time-Series-Analysis/outputs/02_analysis_descriptive_euclidean_dtw_clustering/tables/participant_profile_vector_matrix.csv,table,Participant profile vector matrix
/Users/kongfha/Desktop/Time_Series_Mining/Final Project/Typing-Behavior-Time-Series-Analysis/outputs/02_analysis_descriptive_euclidean_dtw_clustering/tables/participant_summary.csv,table,Participant-level summary table
/Users/kongfha/Desktop/Time_Series_Mining/Final Project/Typing-Behavior-Time-Series-Analysis/outputs/02_analysis_descriptive_euclidean_dtw_clustering/tables/prompt_position_curve_summary_P01.csv,table,Prompt-position curve summary for P01
/Users/kongfha/Desktop/Time_Series_Mining/Final Project/Typing-Behavior-Time-Series-Analysis/outputs/02_analysis_descriptive_euclidean_dtw_clustering/tables/prompt_position_curve_summary_P02.csv,table,Prompt-position curve summary for P02
/Users/kongfha/Desktop/Time_Series_Mining/Final Project/Typing-Behavior-Time-Series-Analysis/outputs/02_analysis_descriptive_euclidean_dtw_clustering/tables/prompt_position_curve_summary_P03.csv,table,Prompt-position curve summary for P03
/Users/kongfha/Desktop/Time_Series_Mining/Final Project/Typing-Behavior-Time-Series-Analysis/outputs/02_analysis_descriptive_euclidean_dtw_clustering/tables/prompt_position_curve_summary_P04.csv,table,Prompt-position curve summary for P04
/Users/kongfha/Desktop/Time_Series_Mining/Final Project/Typing-Behavior-Time-Series-Analysis/outputs/02_analysis_descriptive_euclidean_dtw_clustering/tables/prompt_position_curve_summary_P05.csv,table,Prompt-position curve summary for P05
/Users/kongfha/Desktop/Time_Series_Mining/Final Project/Typing-Behavior-Time-Series-Analysis/outputs/02_analysis_descriptive_euclidean_dtw_clustering/tables/prompt_position_curve_summary_P06.csv,table,Prompt-position curve summary for P06
/Users/kongfha/Desktop/Time_Series_Mining/Final Project/Typing-Behavior-Time-Series-Analysis/outputs/02_analysis_descriptive_euclidean_dtw_clustering/tables/prompt_position_curve_summary_P07.csv,table,Prompt-position curve summary for P07
/Users/kongfha/Desktop/Time_Series_Mining/Final Project/Typing-Behavior-Time-Series-Analysis/outputs/02_analysis_descriptive_euclidean_dtw_clustering/tables/prompt_position_curve_summary_P08.csv,table,Prompt-position curve summary for P08
/Users/kongfha/Desktop/Time_Series_Mining/Final Project/Typing-Behavior-Time-Series-Analysis/outputs/02_analysis_descriptive_euclidean_dtw_clustering/tables/prompt_position_curve_summary_P09.csv,table,Prompt-position curve summary for P09
/Users/kongfha/Desktop/Time_Series_Mining/Final Project/Typing-Behavior-Time-Series-Analysis/outputs/02_analysis_descriptive_euclidean_dtw_clustering/tables/prompt_position_curve_summary_P10.csv,table,Prompt-position curve summary for P10
/Users/kongfha/Desktop/Time_Series_Mining/Final Project/Typing-Behavior-Time-Series-Analysis/outputs/02_analysis_descriptive_euclidean_dtw_clustering/tables/prompt_position_curve_summary_P11.csv,table,Prompt-position curve summary for P11
/Users/kongfha/Desktop/Time_Series_Mining/Final Project/Typing-Behavior-Time-Series-Analysis/outputs/02_analysis_descriptive_euclidean_dtw_clustering/tables/prompt_position_curve_summary_P12.csv,table,Prompt-position curve summary for P12
/Users/kongfha/Desktop/Time_Series_Mining/Final Project/Typing-Behavior-Time-Series-Analysis/outputs/02_analysis_descriptive_euclidean_dtw_clustering/tables/prompt_position_curve_summary_P13.csv,table,Prompt-position curve summary for P13
/Users/kongfha/Desktop/Time_Series_Mining/Final Project/Typing-Behavior-Time-Series-Analysis/outputs/02_analysis_descriptive_euclidean_dtw_clustering/tables/prompt_position_curve_summary_P14.csv,table,Prompt-position curve summary for P14
/Users/kongfha/Desktop/Time_Series_Mining/Final Project/Typing-Behavior-Time-Series-Analysis/outputs/02_analysis_descriptive_euclidean_dtw_clustering/tables/prompt_summary.csv,table,Prompt-level summary table
/Users/kongfha/Desktop/Time_Series_Mining/Final Project/Typing-Behavior-Time-Series-Analysis/outputs/02_analysis_descriptive_euclidean_dtw_clustering/tables/qc_reason_counts.csv,table,QC exclusion reasons
/Users/kongfha/Desktop/Time_Series_Mining/Final Project/Typing-Behavior-Time-Series-Analysis/outputs/02_analysis_descriptive_euclidean_dtw_clustering/tables/qc_summary.csv,table,QC filtering summary
/Users/kongfha/Desktop/Time_Series_Mining/Final Project/Typing-Behavior-Time-Series-Analysis/outputs/02_analysis_descriptive_euclidean_dtw_clustering/tables/recovery_episode_by_participant.csv,table,Recovery-episode summary by participant
/Users/kongfha/Desktop/Time_Series_Mining/Final Project/Typing-Behavior-Time-Series-Analysis/outputs/02_analysis_descriptive_euclidean_dtw_clustering/tables/recovery_episode_by_prompt.csv,table,Recovery-episode summary by prompt
/Users/kongfha/Desktop/Time_Series_Mining/Final Project/Typing-Behavior-Time-Series-Analysis/outputs/02_analysis_descriptive_euclidean_dtw_clustering/tables/recovery_episode_by_prompt_family.csv,table,Recovery-episode summary by prompt family
/Users/kongfha/Desktop/Time_Series_Mining/Final Project/Typing-Behavior-Time-Series-Analysis/outputs/02_analysis_descriptive_euclidean_dtw_clustering/tables/recovery_episode_heuristic_style_counts.csv,table,Heuristic recovery style counts
/Users/kongfha/Desktop/Time_Series_Mining/Final Project/Typing-Behavior-Time-Series-Analysis/outputs/02_analysis_descriptive_euclidean_dtw_clustering/tables/recovery_episode_overall_summary.csv,table,Overall recovery-episode summary
/Users/kongfha/Desktop/Time_Series_Mining/Final Project/Typing-Behavior-Time-Series-Analysis/outputs/02_analysis_descriptive_euclidean_dtw_clustering/tables/rq2_log_time_to_stability_coefficients.csv,table,Coefficient table for rq2_log_time_to_stability
/Users/kongfha/Desktop/Time_Series_Mining/Final Project/Typing-Behavior-Time-Series-Analysis/outputs/02_analysis_descriptive_euclidean_dtw_clustering/tables/rq2_model_coefficients_all.csv,table,Combined RQ2 modeling coefficients
/Users/kongfha/Desktop/Time_Series_Mining/Final Project/Typing-Behavior-Time-Series-Analysis/outputs/02_analysis_descriptive_euclidean_dtw_clustering/tables/rq2_revisions_lpm_coefficients.csv,table,Coefficient table for rq2_revisions_lpm
/Users/kongfha/Desktop/Time_Series_Mining/Final Project/Typing-Behavior-Time-Series-Analysis/outputs/02_analysis_descriptive_euclidean_dtw_clustering/tables/rq2_wrong_first_lpm_coefficients.csv,table,Coefficient table for rq2_wrong_first_lpm
/Users/kongfha/Desktop/Time_Series_Mining/Final Project/Typing-Behavior-Time-Series-Analysis/outputs/02_analysis_descriptive_euclidean_dtw_clustering/tables/same_prompt_dtw_nearest_neighbors.csv,table,Same-prompt DTW nearest neighbors
/Users/kongfha/Desktop/Time_Series_Mining/Final Project/Typing-Behavior-Time-Series-Analysis/outputs/02_analysis_descriptive_euclidean_dtw_clustering/tables/same_prompt_dtw_summary.csv,table,Same-prompt DTW summary
/Users/kongfha/Desktop/Time_Series_Mining/Final Project/Typing-Behavior-Time-Series-Analysis/outputs/02_analysis_descriptive_euclidean_dtw_clustering/tables/same_prompt_euclidean_curve_summary.csv,table,Same-prompt Euclidean curve summary
/Users/kongfha/Desktop/Time_Series_Mining/Final Project/Typing-Behavior-Time-Series-Analysis/outputs/02_analysis_descriptive_euclidean_dtw_clustering/tables/same_prompt_euclidean_nearest_neighbors.csv,table,Same-prompt Euclidean nearest neighbors
/Users/kongfha/Desktop/Time_Series_Mining/Final Project/Typing-Behavior-Time-Series-Analysis/outputs/02_analysis_descriptive_euclidean_dtw_clustering/tables/selected_error_episode_windows.csv,table,Selected rich error-episode windows for DTW
/Users/kongfha/Desktop/Time_Series_Mining/Final Project/Typing-Behavior-Time-Series-Analysis/outputs/02_analysis_descriptive_euclidean_dtw_clustering/logs/euclidean_friction_waveform_note.txt,text,Normalization note for Euclidean friction-waveform baseline
/Users/kongfha/Desktop/Time_Series_Mining/Final Project/Typing-Behavior-Time-Series-Analysis/outputs/02_analysis_descriptive_euclidean_dtw_clustering/logs/rq2_log_time_to_stability_summary.txt,text,Statsmodels summary for rq2_log_time_to_stability
/Users/kongfha/Desktop/Time_Series_Mining/Final Project/Typing-Behavior-Time-Series-Analysis/outputs/02_analysis_descriptive_euclidean_dtw_clustering/logs/rq2_revisions_lpm_summary.txt,text,Statsmodels summary for rq2_revisions_lpm
/Users/kongfha/Desktop/Time_Series_Mining/Final Project/Typing-Behavior-Time-Series-Analysis/outputs/02_analysis_descriptive_euclidean_dtw_clustering/logs/rq2_wrong_first_lpm_summary.txt,text,Statsmodels summary for rq2_wrong_first_lpm
